<?xml version="1.0"?>
<Config xmlns:xsi="http://www.w3.org/2001/XMLSchema-instance" xmlns:xsd="http://www.w3.org/2001/XMLSchema">
  <domain>192.168.1.1</domain>
  <port>8090</port>
  <maxTime>0</maxTime>
  <injectType>UnKnow</injectType>
  <dbType>UnKnow</dbType>
  <timeOut>10</timeOut>
  <threadSize>5</threadSize>
  <reTry>1</reTry>
  <encoding>自动识别</encoding>
  <request>GET /mysql.jsp?id=1 HTTP/1.1
User-Agent: Mozilla/5.0 (Windows NT 10.0; Win64; x64) AppleWebKit/537.36 (KHTML, like Gecko) Chrome/42.0.2311.135 Safari/537.36 Edge/12.10240
Accept-Encoding: gzip, deflate
Host: 127.0.0.1:8090
Connection: Close
Cookie: JSESSIONID=2F6D5F1AC8C376FF0AB48A08282A6CED</request>
  <key>在广西壮族自治区百色市右江矿务局有限公司水埠煤矿违法采矿案中，国土资源部挂牌督办后，广西壮族自治区国土资源主管部门对水埠煤矿违法采矿行为依法作出行政处罚，责令停止违法采矿，没收违法采出的矿产品8267吨，并处罚款10万元，目前已经落实到位。早在2007年6月，违法采矿直接责任人，原右江矿务局党委书记、局长曾如云因经济犯罪问题，已被司法机关依法追究刑事责任。百色市纪检监察部门已责成右江矿务局有限公司董事长、总经理叶仿拥向百色市人民政府作书面检查，分别给予右江矿务局有限公司有关负责人党纪政纪处分。</key>
  <db_encoding>UTF-8</db_encoding>
  <useCode>false</useCode>
  <columnsCount>1</columnsCount>
  <showColumn>1</showColumn>
  <reverseKey>false</reverseKey>
  <keyType>Key</keyType>
  <isMuStr>true</isMuStr>
  <is_foward_302>true</is_foward_302>
  <isOpenInfoLog>true</isOpenInfoLog>
  <isOpenHTTPLog>true</isOpenHTTPLog>
  <isAutoCheckUpdate>true</isAutoCheckUpdate>
  <isSavaConfigWhenClose>true</isSavaConfigWhenClose>
  <useSSL>false</useSSL>
  <isOpenURLEncoding>true</isOpenURLEncoding>
  <redirectDoGet>false</redirectDoGet>
  <maxClolumns>30</maxClolumns>
  <urlencodeCount>1</urlencodeCount>
  <unionFill>1</unionFill>
  <readFileEncoding>UTF-8</readFileEncoding>
  <showCmdResult>true</showCmdResult>
  <reaplaceBeforURLEncode>true</reaplaceBeforURLEncode>
  <inculdeStr>false</inculdeStr>
  <keyReplace>0</keyReplace>
  <randIPToHeader>X-Forwarded-For</randIPToHeader>
  <sendHTTPSleepTime>0</sendHTTPSleepTime>
  <replaceStrs />
  <base64>false</base64>
  <base64Count>1</base64Count>
  <useBetweenByPass>false</useBetweenByPass>
  <level>0</level>
  <linkCount>1</linkCount>
  <maxSpiderCount>5</maxSpiderCount>
  <maxScanCount>5</maxScanCount>
</Config>